StrikerName,PlayerId,Matches,PlayerDOB,RightHandedBat,Nationality,TCompetitionID,TStrikerID,TTeamID,TeamCode,TeamName,CompetitionID,TeamID,StrikerID,Innings,Extras,TotalRuns,Balls,Dotballs,StrikeRate,DBPercent,DBFreq,BdryFreq,BdryPercent,RPSS,ScoringBalls,Ones,Twos,Threes,Fours,Sixes,Outs,NotOuts,BattingAveragesss,FiftyPlusRuns,Centuries,DoubleCenturies,HighestScore,BattingAverage,Catches,Stumpings,ClientPlayerID
Surya Kumar Yadav,174,12,0000-00-00,true,Indian,203,2019-100mb00000000174-619a804244af11,17,MI,Mumbai Indians,203,17,2019-100mb00000000174-619a804244af11,12,11,510,299,90,170.56,30.10,3.32,3.88,70.58,2.44,209,114,18,0,51,26,8,4,127.50,3,0,0,68*,63.75,4,0,108
Sai Sudharsan,976,11,0000-00-00,false,Indian,203,2022-100mb00000000976-79aa33cca44611,35,GT,Gujarat Titans,203,35,2022-100mb00000000976-79aa33cca44611,11,25,509,332,95,153.31,28.61,3.49,4.61,62.86,2.14,237,144,20,0,56,16,11,0,NA,5,0,0,82,46.27,7,0,20592
Shubman Gill,62,11,0000-00-00,true,Indian,203,2019-100mb00000000062-8fa4884a17f311,35,GT,Gujarat Titans,203,35,2019-100mb00000000062-8fa4884a17f311,11,17,508,333,90,152.55,27.02,3.70,4.97,59.05,2.09,243,145,30,1,51,16,10,1,508.00,5,0,0,90,50.80,7,0,3761
Virat Kohli,2,11,0000-00-00,true,Indian,203,2018-wicb00000000002-47ea5a6ae99a11,19,RCB,Royal Challengers Bengaluru,203,19,2018-wicb00000000002-47ea5a6ae99a11,11,17,505,352,94,143.46,26.70,3.74,5.67,56.23,1.95,258,171,25,0,44,18,8,3,168.33,7,0,0,73*,63.13,3,0,164
Jos Buttler,182,11,0000-00-00,true,Overseas,203,2019-100mb00000000182-b78f12ef44b611,35,GT,Gujarat Titans,203,35,2019-100mb00000000182-b78f12ef44b611,11,10,500,305,84,163.93,27.54,3.63,4.29,65.60,2.26,221,128,22,0,49,22,7,4,125.00,5,0,0,97*,71.43,6,2,509
Yashasvi Jaiswal,533,12,0000-00-00,false,Indian,203,2020-100mb00000000533-e895f279639811,18,RR,Rajasthan Royals,203,18,2020-100mb00000000533-e895f279639811,12,19,473,306,110,154.57,35.94,2.78,4.30,70.61,2.41,196,112,12,1,46,25,11,1,473.00,5,0,0,75,43.00,8,0,13538
Prabhsimran Singh,137,11,0000-00-00,true,Indian,203,2019-100mb00000000137-d774e3d1449c11,15,PBKS,Punjab Kings,203,15,2019-100mb00000000137-d774e3d1449c11,11,12,437,257,83,170.03,32.29,3.09,3.72,74.14,2.51,174,97,8,0,45,24,11,0,NA,4,0,0,91,39.73,1,1,5436
Nicholas Pooran,136,11,0000-00-00,false,Overseas,203,2019-100mb00000000136-9313d156449c11,77,LSG,Lucknow Super Giants,203,77,2019-100mb00000000136-9313d156449c11,11,20,410,204,73,200.98,35.78,2.79,3.00,82.92,3.12,131,57,5,1,34,34,10,1,410.00,4,0,0,87*,41.00,8,0,1703
Shreyas Iyer,12,11,0000-00-00,true,Indian,203,2018-100mb00000000012-ea4c47d2e99b11,15,PBKS,Punjab Kings,203,15,2018-100mb00000000012-ea4c47d2e99b11,11,14,405,224,51,180.80,22.76,4.39,4.14,66.66,2.34,173,103,16,0,27,27,8,3,135.00,4,0,0,97*,50.63,3,0,1563
K L Rahul,19,10,0000-00-00,true,Indian,203,2018-100mb00000000019-80e59e32e99c11,14,DC,Delhi Capitals,203,14,2018-100mb00000000019-80e59e32e99c11,10,11,381,268,76,142.16,28.35,3.52,5.82,56.69,1.98,192,127,19,0,30,16,8,2,190.50,3,0,0,93*,47.63,3,0,1125
Mitchell Marsh,40,10,0000-00-00,true,Overseas,203,2018-100mb00000000040-7f15f6c7f88a11,77,LSG,Lucknow Super Giants,203,77,2018-100mb00000000040-7f15f6c7f88a11,10,17,378,243,87,155.55,35.80,2.79,4.33,69.84,2.42,156,88,10,2,36,20,10,0,NA,4,0,0,81,37.80,1,0,221
Riyan Parag,189,12,0000-00-00,true,Indian,203,2019-100mb00000000189-ac8c327a44b711,18,RR,Rajasthan Royals,203,18,2019-100mb00000000189-ac8c327a44b711,12,11,377,221,69,170.58,31.22,3.20,4.16,70.02,2.48,152,85,14,0,27,26,10,2,188.50,1,0,0,95,37.70,7,0,4445
Ajinkya Rahane,44,12,0000-00-00,true,Indian,203,2018-100mb00000000044-e03a43dbf88a11,16,KKR,Kolkata Knight Riders,203,16,2018-100mb00000000044-e03a43dbf88a11,11,17,375,256,96,146.48,37.50,2.66,4.83,67.20,2.34,160,91,16,0,33,20,10,1,375.00,3,0,0,61,37.50,5,0,135
Aiden Markram,287,11,0000-00-00,true,Overseas,203,2019-100mb00000000287-ca1a6bb17ae311,77,LSG,Lucknow Super Giants,203,77,2019-100mb00000000287-ca1a6bb17ae311,11,11,348,237,82,146.83,34.59,2.89,5.04,63.21,2.24,155,91,14,3,31,16,11,0,NA,4,0,0,66,31.64,6,0,1667
Priyansh Arya,3571,11,0000-00-00,false,Indian,203,2024-100mb00000003571-3dc322afabdd11,15,PBKS,Punjab Kings,203,15,2024-100mb00000003571-3dc322afabdd11,11,13,347,180,64,192.77,35.55,2.81,3.05,80.69,2.99,116,47,10,0,37,22,11,0,NA,1,1,0,103,31.55,4,0,22052
Ryan Rickelton,743,12,0000-00-00,false,Overseas,203,2021-100mb00000000743-056fd8cd648611,17,MI,Mumbai Indians,203,17,2021-100mb00000000743-056fd8cd648611,12,14,336,219,92,153.42,42.00,2.38,3.84,76.78,2.64,127,62,8,0,42,15,11,1,336.00,3,0,0,62*,30.55,10,3,22003
Ayush Badoni,985,11,0000-00-00,true,Indian,203,2022-100mb00000000985-f5950061a44811,77,LSG,Lucknow Super Giants,203,77,2022-100mb00000000985-f5950061a44811,10,16,326,217,63,150.23,29.03,3.44,5.29,58.89,2.11,154,93,19,1,27,14,9,1,326.00,2,0,0,74,36.22,3,0,20586
Abhishek Sharma,212,11,0000-00-00,false,Indian,203,2019-100mb00000000212-9df3a24d44bc11,20,SRH,Sunrisers Hyderabad,203,20,2019-100mb00000000212-9df3a24d44bc11,10,12,314,174,62,180.45,35.63,2.80,3.34,77.07,2.80,112,50,8,2,35,17,10,0,NA,1,1,0,141,31.40,6,0,3760
Heinrich Klaasen,202,11,0000-00-00,true,Overseas,203,2019-100mb00000000202-438eed6944ba11,20,SRH,Sunrisers Hyderabad,203,20,2019-100mb00000000202-438eed6944ba11,10,11,311,202,53,153.96,26.23,3.81,4.80,62.37,2.08,149,98,8,1,29,13,9,1,311.00,1,0,0,71,34.56,6,0,3869
Shivam Dube,211,12,0000-00-00,false,Indian,203,2019-100mb00000000211-dc1f6a2544bb11,13,CSK,Chennai Super Kings,203,13,2019-100mb00000000211-dc1f6a2544bb11,12,20,301,230,83,130.86,36.08,2.77,6.21,60.46,2.04,147,101,9,0,20,17,9,3,100.33,1,0,0,50,33.44,2,0,5431
Rohit Sharma,6,11,0000-00-00,true,Indian,203,2018-100mb00000000006-2cf4bba8e99b11,17,MI,Mumbai Indians,203,17,2018-100mb00000000006-2cf4bba8e99b11,11,12,300,197,76,152.28,38.57,2.59,4.37,71.33,2.47,121,66,10,0,28,17,10,1,300.00,3,0,0,76*,30.00,1,0,107
Angkrish Raghuvanshi,787,11,2004-06-06,true,Indian,203,20214a2b63d55d7711ec9c9202ea608,16,KKR,Kolkata Knight Riders,203,16,20214a2b63d55d7711ec9c9202ea608,10,7,286,197,52,145.17,26.39,3.78,5.32,57.34,1.97,145,95,12,1,29,8,8,2,143.00,1,0,0,50,35.75,2,0,20690
Travis Head,37,11,0000-00-00,false,Overseas,203,2018-100mb00000000037-4e250de6f88a11,20,SRH,Sunrisers Hyderabad,203,20,2018-100mb00000000037-4e250de6f88a11,10,24,281,180,73,156.11,40.55,2.46,3.60,77.58,2.62,107,51,6,0,41,9,10,0,NA,2,0,0,67,28.10,3,0,1020
Ravindra Jadeja,46,12,0000-00-00,false,Indian,203,2018-100mb00000000046-06b5ba89f88b11,13,CSK,Chennai Super Kings,203,13,2018-100mb00000000046-06b5ba89f88b11,12,8,279,199,54,140.20,27.13,3.68,6.03,53.76,1.92,145,95,17,0,24,9,8,4,69.75,2,0,0,77*,34.88,5,0,9
Abishek Porel,1580,11,0000-00-00,false,Indian,203,2022-100mb00000001580-2e206f715b5511,14,DC,Delhi Capitals,203,14,2022-100mb00000001580-2e206f715b5511,11,4,265,177,48,149.71,27.11,3.68,4.91,61.13,2.05,129,83,10,0,27,9,10,1,265.00,1,0,0,51,26.50,2,0,33333
Tristan Stubbs,1017,11,0000-00-00,true,Overseas,203,2022-100mb00000001017-3e376712cc7911,14,DC,Delhi Capitals,203,14,2022-100mb00000001017-3e376712cc7911,10,4,259,171,36,151.46,21.05,4.75,5.34,56.37,1.91,135,93,10,0,23,9,5,5,51.80,0,0,0,41*,51.80,7,0,20631
Dhruv Jurel,1004,12,0000-00-00,true,Indian,203,2022-100mb00000001004-da6e207ea44e11,18,RR,Rajasthan Royals,203,18,2022-100mb00000001004-da6e207ea44e11,11,8,249,170,55,146.47,32.35,3.09,5.31,63.45,2.16,115,75,8,0,17,15,8,3,83.00,1,0,0,70,31.13,6,0,20620
Devdutt Padikkal,200,10,0000-00-00,false,Indian,203,2019-100mb00000000200-1283ad3244ba11,19,RCB,Royal Challengers Bengaluru,203,19,2019-100mb00000000200-1283ad3244ba11,10,12,247,164,59,150.60,35.97,2.77,4.68,68.01,2.35,105,63,6,0,21,14,9,1,247.00,2,0,0,61,27.44,1,0,5430
N Tilak Varma,993,12,0000-00-00,false,Indian,203,2022-100mb00000000993-60c58f9ea44c11,17,MI,Mumbai Indians,203,17,2022-100mb00000000993-60c58f9ea44c11,9,15,246,177,57,138.98,32.20,3.10,5.90,56.91,2.05,120,76,12,2,20,10,7,2,123.00,2,0,0,59,35.14,8,0,20594
Phil Salt,1220,9,0000-00-00,true,Overseas,203,2022-100mb00000001220-372333e3f9f711,19,RCB,Royal Challengers Bengaluru,203,19,2022-100mb00000001220-372333e3f9f711,9,17,239,142,60,168.30,42.25,2.36,3.30,82.84,2.91,82,37,2,0,30,13,9,0,NA,2,0,0,65,26.56,6,0,5606
Rajat Patidar,597,11,0000-00-00,true,Indian,203,2021-100mb00000000597-a0edfee691e511,19,RCB,Royal Challengers Bengaluru,203,19,2021-100mb00000000597-a0edfee691e511,10,11,239,170,54,140.58,31.76,3.14,5.48,60.25,2.06,116,75,10,0,21,10,10,0,NA,2,0,0,64,23.90,2,0,5471
Axar Patel,110,11,0000-00-00,false,Indian,203,2019-100mb00000000110-79ae08f5449411,14,DC,Delhi Capitals,203,14,2019-100mb00000000110-79ae08f5449411,10,5,238,151,50,157.61,33.11,3.02,4.31,70.58,2.35,101,62,4,0,21,14,9,1,238.00,0,0,0,43,26.44,4,0,1113
Sherfane Rutherford,122,9,0000-00-00,false,Overseas,203,2019-100mb00000000122-ba35f672449711,35,GT,Gujarat Titans,203,35,2019-100mb00000000122-ba35f672449711,8,22,229,144,47,159.02,32.63,3.06,4.50,68.99,2.36,97,59,6,0,17,15,6,2,114.50,0,0,0,46,38.17,0,0,5396
Sanju Samson,190,7,0000-00-00,true,Indian,203,2019-100mb00000000190-c62cbae544b711,18,RR,Rajasthan Royals,203,18,2019-100mb00000000190-c62cbae544b711,7,6,224,156,57,143.58,36.53,2.73,4.72,67.85,2.26,99,61,4,1,23,10,6,1,224.00,1,0,0,66,37.33,2,1,258
Nitish Rana,148,11,0000-00-00,false,Indian,203,2019-100mb00000000148-ef59629644a811,18,RR,Rajasthan Royals,203,18,2019-100mb00000000148-ef59629644a811,11,14,217,134,48,161.94,35.82,2.79,3.72,74.65,2.52,86,45,5,0,27,9,10,1,217.00,2,0,0,81,21.70,2,0,2738
Shimron Hetmyer,210,12,0000-00-00,false,Overseas,203,2019-100mb00000000210-b8addb3444bb11,18,RR,Rajasthan Royals,203,18,2019-100mb00000000210-b8addb3444bb11,11,14,216,147,44,146.93,29.93,3.34,5.88,55.55,2.09,103,60,18,0,15,10,10,1,216.00,1,0,0,52,21.60,10,0,1705
Sunil Narine,156,11,0000-00-00,false,Overseas,203,2019-100mb00000000156-a6b6f42c44aa11,16,KKR,Kolkata Knight Riders,203,16,2019-100mb00000000156-a6b6f42c44aa11,11,24,215,128,62,167.96,48.43,2.06,3.36,85.58,3.25,66,25,3,0,22,16,10,1,215.00,0,0,0,44,21.50,3,0,203
Shashank Singh,191,11,0000-00-00,true,Indian,203,2019-100mb00000000191-df21803b44b711,15,PBKS,Punjab Kings,203,15,2019-100mb00000000191-df21803b44b711,9,9,214,150,40,142.66,26.66,3.75,6.25,53.27,1.94,110,73,12,1,15,9,4,5,42.80,1,0,0,52*,53.50,6,0,3261
Nehal Wadhera,1541,10,0000-00-00,false,Indian,203,2022-100mb00000001541-e0ad58e954e911,15,PBKS,Punjab Kings,203,15,2022-100mb00000001541-e0ad58e954e911,9,11,210,141,53,148.93,37.58,2.66,4.70,69.52,2.38,88,53,4,1,17,13,7,2,105.00,1,0,0,62,30.00,4,0,5859
Rinku Singh,152,12,0000-00-00,false,Indian,203,2019-100mb00000000152-335aed3d44aa11,16,KKR,Kolkata Knight Riders,203,16,2019-100mb00000000152-335aed3d44aa11,10,7,197,128,44,153.90,34.37,2.90,4.41,68.02,2.34,84,47,8,0,20,9,6,4,49.25,0,0,0,38*,32.83,8,0,3830
Ishan Kishan,164,11,0000-00-00,false,Indian,203,2019-100mb00000000164-8ae075db44ad11,20,SRH,Sunrisers Hyderabad,203,20,2019-100mb00000000164-8ae075db44ad11,10,14,196,136,41,144.11,30.14,3.31,5.23,60.20,2.06,95,60,9,0,19,7,8,2,98.00,0,1,0,106*,24.50,7,0,2975
Will Jacks,1941,11,0000-00-00,true,Overseas,203,2023-100mb00000001941-9401571cc40411,17,MI,Mumbai Indians,203,17,2023-100mb00000001941-9401571cc40411,9,6,195,151,56,129.13,37.08,2.69,5.80,62.56,2.05,95,65,4,0,17,9,8,1,195.00,1,0,0,53,24.38,6,0,5629
Aniket Verma,3576,11,0000-00-00,true,Indian,203,2024-100mb00000003576-caeb1dadabdf11,20,SRH,Sunrisers Hyderabad,203,20,2024-100mb00000003576-caeb1dadabdf11,9,9,193,125,49,154.40,39.20,2.55,5.00,68.39,2.53,76,41,10,0,9,16,8,1,193.00,1,0,0,74,24.13,5,0,22082
Rachin Ravindra,724,8,0000-00-00,false,Overseas,203,2021-100mb00000000724-7645abdd460011,13,CSK,Chennai Super Kings,203,13,2021-100mb00000000724-7645abdd460011,8,7,191,149,48,128.18,32.21,3.10,6.77,50.26,1.89,101,64,14,1,18,4,7,1,191.00,1,0,0,65*,27.29,2,0,20684
Tim David,636,11,0000-00-00,true,Overseas,203,2021-100mb00000000636-9e985b64160411,19,RCB,Royal Challengers Bengaluru,203,19,2021-100mb00000000636-9e985b64160411,8,8,186,96,34,193.75,35.41,2.82,3.20,79.56,3.00,62,26,6,0,16,14,2,6,31.00,1,0,0,50*,93.00,7,0,4524
Ashutosh Sharma,3109,10,0000-00-00,true,Indian,203,2024-100mb00000003109-b7f98c40df9d11,14,DC,Delhi Capitals,203,14,2024-100mb00000003109-b7f98c40df9d11,8,15,186,111,31,167.56,27.92,3.58,4.44,66.66,2.32,80,48,7,0,13,12,6,2,93.00,1,0,0,66*,31.00,2,0,20703
MS Dhoni,57,12,0000-00-00,true,Indian,203,2019-100mb00000000057-57100cf415ba11,13,CSK,Chennai Super Kings,203,13,2019-100mb00000000057-57100cf415ba11,12,15,180,128,42,140.62,32.81,3.04,5.56,63.33,2.09,86,60,3,0,12,11,7,5,36.00,0,0,0,30*,25.71,5,5,1
Nitish Kumar Reddy,1944,10,0000-00-00,true,Indian,203,2023-100mb00000001944-c9a4b0e8c40511,20,SRH,Sunrisers Hyderabad,203,20,2023-100mb00000001944-c9a4b0e8c40511,9,13,173,144,48,120.13,33.33,3.00,7.57,48.55,1.80,96,66,10,1,15,4,7,2,86.50,0,0,0,32,24.71,3,0,5711
Faf Du Plessis,94,6,0000-00-00,true,Overseas,203,2019-100mb00000000094-1e8fa14543ee11,14,DC,Delhi Capitals,203,14,2019-100mb00000000094-1e8fa14543ee11,6,20,168,131,49,128.24,37.40,2.67,5.95,60.71,2.04,82,54,6,0,15,7,6,0,NA,2,0,0,62,28.00,3,0,24
Andre Russell,141,12,0000-00-00,true,Overseas,203,2019-100mb00000000141-e67c41d144a711,16,KKR,Kolkata Knight Riders,203,16,2019-100mb00000000141-e67c41d144a711,9,13,167,101,52,165.34,51.48,1.94,3.36,88.62,3.40,49,19,0,0,16,14,8,1,167.00,1,0,0,57*,20.88,3,0,177
Ayush Mhatre,3497,5,0000-00-00,true,Indian,203,2024-100mb00000003497-dc521b85a24811,13,CSK,Chennai Super Kings,203,13,2024-100mb00000003497-dc521b85a24811,5,3,163,90,26,181.11,28.88,3.46,3.33,74.84,2.54,64,33,4,0,20,7,5,0,NA,1,0,0,94,32.60,3,0,22377
Naman Dhir,3107,12,0000-00-00,true,Indian,203,2024-100mb00000003107-805cae57df9b11,17,MI,Mumbai Indians,203,17,2024-100mb00000003107-805cae57df9b11,8,8,162,94,25,172.34,26.59,3.76,4.08,66.66,2.34,69,40,5,0,15,8,5,3,54.00,0,0,0,46,32.40,12,0,20701
Abdul Samad,525,10,0000-00-00,true,Indian,203,2020-100mb00000000525-4d2e1ac6639511,77,LSG,Lucknow Super Giants,203,77,2020-100mb00000000525-4d2e1ac6639511,10,10,160,86,24,186.04,27.90,3.58,3.90,72.50,2.58,62,36,4,0,8,14,7,3,53.33,0,0,0,45,22.86,2,0,19352
Hardik Pandya,54,11,0000-00-00,true,Indian,203,2018-100mb00000000054-e3ebefa2050a11,17,MI,Mumbai Indians,203,17,2018-100mb00000000054-e3ebefa2050a11,8,6,158,94,26,168.08,27.65,3.61,4.27,64.55,2.32,68,36,10,0,15,7,6,2,79.00,0,0,0,48*,26.33,2,0,2740
Vaibhav Suryavanshi,3498,5,0000-00-00,false,Indian,203,2024-100mb00000003498-c9c3dc7da24b11,18,RR,Rajasthan Royals,203,18,2024-100mb00000003498-c9c3dc7da24b11,5,6,155,74,30,209.45,40.54,2.46,2.84,87.74,3.52,44,17,1,0,10,16,5,0,NA,0,1,0,101,31.00,0,0,22203
Karun Nair,131,7,0000-00-00,true,Indian,203,2019-100mb00000000131-ce55104a449a11,14,DC,Delhi Capitals,203,14,2019-100mb00000000131-ce55104a449a11,7,13,154,88,34,175.00,38.63,2.58,3.25,80.51,2.85,54,24,3,0,19,8,7,0,NA,1,0,0,89,22.00,2,0,276
David Miller,128,11,0000-00-00,false,Overseas,203,2019-100mb00000000128-e95bebea449911,77,LSG,Lucknow Super Giants,203,77,2019-100mb00000000128-e95bebea449911,11,9,153,120,36,127.50,30.00,3.33,7.05,49.67,1.82,84,57,10,0,13,4,5,6,25.50,0,0,0,27*,30.60,5,0,187
Quinton De Kock,170,7,0000-00-00,false,Overseas,203,2019-100mb00000000170-9429250944ae11,16,KKR,Kolkata Knight Riders,203,16,2019-100mb00000000170-9429250944ae11,7,21,143,104,44,137.50,42.30,2.36,5.20,71.32,2.38,60,39,1,0,9,11,6,1,143.00,1,0,0,97*,23.83,3,0,834
Venkatesh Iyer,584,11,0000-00-00,false,Indian,203,2021-100mb00000000584-a3f48c1791dd11,16,KKR,Kolkata Knight Riders,203,16,2021-100mb00000000584-a3f48c1791dd11,7,8,142,102,38,139.21,37.25,2.68,5.36,59.15,2.21,64,35,9,0,15,4,7,0,NA,1,0,0,60,20.29,4,0,8540
Jitesh Sharma,1000,11,0000-00-00,true,Indian,203,2022-100mb00000001000-d90666b7a44d11,19,RCB,Royal Challengers Bengaluru,203,19,2022-100mb00000001000-d90666b7a44d11,8,5,128,90,39,142.22,43.33,2.30,4.50,73.43,2.50,51,28,3,0,13,7,5,3,42.66,0,0,0,40*,25.60,14,1,3185
Rishabh Pant,18,11,0000-00-00,false,Indian,203,2018-100mb00000000018-6e65e6f7e99c11,77,LSG,Lucknow Super Giants,203,77,2018-100mb00000000018-6e65e6f7e99c11,10,9,128,129,68,99.22,52.71,1.89,7.58,62.50,2.09,61,40,4,0,11,6,10,0,NA,1,0,0,63,12.80,4,1,2972
Dewald Brevis,797,4,2003-04-29,true,Overseas,203,202265c5509b72a911ec8ab502ab46c,13,CSK,Chennai Super Kings,203,13,202265c5509b72a911ec8ab502ab46c,4,3,126,77,24,163.63,31.16,3.20,4.81,65.07,2.37,53,30,7,0,7,9,4,0,NA,1,0,0,52,31.50,5,0,20593
Vipraj Nigam,3560,11,0000-00-00,true,Indian,203,2024-100mb00000003560-cd0dc81babd711,14,DC,Delhi Capitals,203,14,2024-100mb00000003560-cd0dc81babd711,7,5,122,68,22,179.41,32.35,3.09,3.57,73.77,2.65,46,24,2,0,12,7,6,1,122.00,0,0,0,39,20.33,2,0,22053
Ruturaj Gaikwad,102,5,0000-00-00,true,Indian,203,2019-100mb00000000102-28e7fca043fc11,13,CSK,Chennai Super Kings,203,13,2019-100mb00000000102-28e7fca043fc11,5,1,122,81,30,150.61,37.03,2.70,4.50,65.57,2.39,51,25,7,1,14,4,5,0,NA,2,0,0,63,24.40,3,0,5443
Vijay Shankar,61,6,0000-00-00,true,Indian,203,2019-100mb00000000061-6d68257c17f311,13,CSK,Chennai Super Kings,203,13,2019-100mb00000000061-6d68257c17f311,5,6,118,91,23,129.67,25.27,3.95,8.27,42.37,1.73,68,46,11,0,8,3,3,2,59.00,1,0,0,69*,39.33,2,0,1083
Sam Curran,138,5,0000-00-00,false,Overseas,203,2019-100mb00000000138-5bd8fcf6449d11,13,CSK,Chennai Super Kings,203,13,2019-100mb00000000138-5bd8fcf6449d11,5,7,114,84,28,135.71,33.33,3.00,5.60,59.64,2.03,56,36,5,0,11,4,5,0,NA,1,0,0,88,22.80,3,0,2939
Shubham Dubey,3112,8,0000-00-00,false,Indian,203,2024-100mb00000003112-76787b7ddf9f11,18,RR,Rajasthan Royals,203,18,2024-100mb00000003112-76787b7ddf9f11,7,2,99,59,20,167.79,33.89,2.95,4.21,72.72,2.53,39,23,2,0,6,8,4,3,33.00,0,0,0,34*,24.75,1,0,20688
Krunal Pandya,17,11,0000-00-00,false,Indian,203,2018-100mb00000000017-5e389774e99c11,19,RCB,Royal Challengers Bengaluru,203,19,2018-100mb00000000017-5e389774e99c11,5,4,97,75,28,129.33,37.33,2.67,6.81,53.60,2.06,47,27,9,0,7,4,4,1,97.00,1,0,0,73*,24.25,3,0,3183
Devon Conway,601,4,0000-00-00,false,Overseas,203,2021-100mb00000000601-517399b0ceaf11,13,CSK,Chennai Super Kings,203,13,2021-100mb00000000601-517399b0ceaf11,4,13,94,76,26,123.68,34.21,2.92,6.90,51.06,1.88,50,32,7,0,9,2,4,0,NA,1,0,0,69,23.50,2,0,20572
Josh Inglis,647,6,0000-00-00,true,Overseas,203,2021-100mb00000000647-9259e0ee2fe911,15,PBKS,Punjab Kings,203,15,2021-100mb00000000647-9259e0ee2fe911,6,2,92,66,26,139.39,39.39,2.53,5.07,67.39,2.30,40,24,3,0,8,5,4,2,46.00,0,0,0,30,23.00,5,1,22372
Shahrukh Khan,590,11,0000-00-00,true,Indian,203,2021-100mb00000000590-85eaa6f291e011,35,GT,Gujarat Titans,203,35,2021-100mb00000000590-85eaa6f291e011,8,9,90,49,14,183.67,28.57,3.50,3.76,73.33,2.57,35,20,2,0,6,7,3,5,18.00,0,0,0,36,30.00,4,0,7779
Liam Livingstone,183,7,0000-00-00,true,Overseas,203,2019-100mb00000000183-f4a991db44b611,19,RCB,Royal Challengers Bengaluru,203,19,2019-100mb00000000183-f4a991db44b611,6,2,87,68,31,127.94,45.58,2.19,6.18,66.66,2.35,37,23,3,0,4,7,5,1,87.00,1,0,0,54,17.40,3,0,3644
Washington Sundar,20,5,0000-00-00,false,Indian,203,2018-100mb00000000020-9223b16ce99c11,35,GT,Gujarat Titans,203,35,2018-100mb00000000020-9223b16ce99c11,4,4,85,56,12,151.78,21.42,4.66,6.22,51.76,1.93,44,30,4,1,5,4,4,0,NA,0,0,0,49,21.25,2,0,2973
Pat Cummins,33,11,0000-00-00,true,Overseas,203,2018-100mb00000000033-d93110bbf88911,20,SRH,Sunrisers Hyderabad,203,20,2018-100mb00000000033-d93110bbf88911,8,4,84,52,18,161.53,34.61,2.88,4.33,71.42,2.47,34,20,2,0,6,6,4,4,21.00,0,0,0,22*,21.00,5,0,488
Marcus Stoinis,23,8,0000-00-00,true,Overseas,203,2018-100mb00000000023-201fd633e99d11,15,PBKS,Punjab Kings,203,15,2018-100mb00000000023-201fd633e99d11,7,5,82,49,20,167.34,40.81,2.45,4.45,73.17,2.82,29,14,4,0,3,8,4,3,27.33,0,0,0,34*,20.50,0,0,964
Marco Jansen,586,11,0000-00-00,true,Overseas,203,2021-100mb00000000586-8238f85f91de11,15,PBKS,Punjab Kings,203,15,2021-100mb00000000586-8238f85f91de11,7,7,75,61,19,122.95,31.14,3.21,8.71,48.00,1.78,42,31,4,0,3,4,3,4,18.75,0,0,0,34*,25.00,4,0,17068
Rahmanullah Gurbaz,641,5,0000-00-00,true,Overseas,203,2021-100mb00000000641-324bd4322fe511,16,KKR,Kolkata Knight Riders,203,16,2021-100mb00000000641-324bd4322fe511,5,2,74,53,25,139.62,47.16,2.12,4.07,78.37,2.64,28,14,1,0,10,3,4,1,74.00,0,0,0,35,18.50,2,0,20625
Shaik Rasheed,778,5,2004-09-24,true,Indian,203,20212e70112c5d7811ec9c9202ea608,13,CSK,Chennai Super Kings,203,13,20212e70112c5d7811ec9c9202ea608,5,5,71,63,34,112.69,53.96,1.85,5.72,67.60,2.44,29,13,5,0,9,2,5,0,NA,0,0,0,27,14.20,1,0,5612
Rahul Tewatia,120,11,0000-00-00,false,Indian,203,2019-100mb00000000120-7489ddcc449711,35,GT,Gujarat Titans,203,35,2019-100mb00000000120-7489ddcc449711,9,3,67,35,11,191.42,31.42,3.18,3.50,77.61,2.79,24,13,1,0,4,6,6,3,22.33,0,0,0,24*,11.17,4,0,1749
Jacob Bethell,869,2,0000-00-00,false,Overseas,203,2022-100mb00000000869-837ca3e5840c11,19,RCB,Royal Challengers Bengaluru,203,19,2022-100mb00000000869-837ca3e5840c11,2,0,67,39,14,171.79,35.89,2.78,3.25,80.59,2.68,25,13,0,0,9,3,2,0,NA,1,0,0,55,33.50,1,0,22074
Jofra Archer,181,12,0000-00-00,true,Overseas,203,2019-100mb00000000181-80151ce844b611,18,RR,Rajasthan Royals,203,18,2019-100mb00000000181-80151ce844b611,7,1,63,50,20,126.00,40.00,2.50,7.14,57.14,2.10,30,19,4,0,3,4,6,1,63.00,0,0,0,30,10.50,1,0,3502
Kamindu Mendis,627,4,0000-00-00,false,Overseas,203,2021-100mb00000000627-efccfcf90bd211,20,SRH,Sunrisers Hyderabad,203,20,2021-100mb00000000627-efccfcf90bd211,4,10,60,48,19,125.00,39.58,2.52,8.00,46.66,2.06,29,14,9,0,4,2,3,1,60.00,0,0,0,32*,20.00,1,0,22077
Manish Pandey,16,2,0000-00-00,true,Indian,203,2018-100mb00000000016-483406cee99c11,16,KKR,Kolkata Knight Riders,203,16,2018-100mb00000000016-483406cee99c11,2,2,55,42,11,130.95,26.19,3.81,8.40,43.63,1.77,31,21,5,0,3,2,1,1,55.00,0,0,0,36*,55.00,0,0,123
Jake Fraser - McGurk,3115,6,0000-00-00,true,Overseas,203,2024-100mb00000003115-5afd8ccce29e11,14,DC,Delhi Capitals,203,14,2024-100mb00000003115-5afd8ccce29e11,6,3,55,52,31,105.76,59.61,1.67,5.77,72.72,2.61,21,9,3,0,7,2,6,0,NA,0,0,0,38,9.17,3,0,20720
Rahul Tripathi,188,5,0000-00-00,true,Indian,203,2019-100mb00000000188-896b509b44b711,13,CSK,Chennai Super Kings,203,13,2019-100mb00000000188-896b509b44b711,5,1,55,57,27,96.49,47.36,2.11,8.14,54.54,1.83,30,21,2,0,6,1,5,0,NA,0,0,0,23,11.00,1,0,3838
Romario Shepherd,371,4,0000-00-00,true,Overseas,203,2019-100mb00000000371-481ee0be14fc11,19,RCB,Royal Challengers Bengaluru,203,19,2019-100mb00000000371-481ee0be14fc11,1,2,53,14,3,378.57,21.42,4.66,1.40,98.11,4.81,11,1,0,0,4,6,0,1,53.00,1,0,0,53*,-,2,0,20609
Abhinav Manohar,974,6,0000-00-00,true,Indian,203,2022-100mb00000000974-314d9cf0a44611,20,SRH,Sunrisers Hyderabad,203,20,2022-100mb00000000974-314d9cf0a44611,4,0,49,50,24,98.00,48.00,2.08,10.00,53.06,1.88,26,19,2,0,2,3,4,0,NA,0,0,0,43,12.25,4,0,20589
Glenn Maxwell,28,7,0000-00-00,true,Overseas,203,2018-100mb00000000028-acc7d0a3e99d11,15,PBKS,Punjab Kings,203,15,2018-100mb00000000028-acc7d0a3e99d11,6,11,48,49,23,97.95,46.93,2.13,8.16,54.16,1.84,26,18,2,0,5,1,6,0,NA,0,0,0,30,8.00,5,0,282
Corbin Bosch,1041,2,0000-00-00,true,Overseas,203,2022-100mb00000001041-53fbf642d3a511,17,MI,Mumbai Indians,203,17,2022-100mb00000001041-53fbf642d3a511,2,0,47,32,12,146.87,37.50,2.66,5.33,63.82,2.35,20,11,3,0,3,3,2,0,NA,0,0,0,27,23.50,2,0,20680
Mitchell Santner,75,9,0000-00-00,false,Overseas,203,2019-100mb00000000075-0984e17e1e4011,17,MI,Mumbai Indians,203,17,2019-100mb00000000075-0984e17e1e4011,5,2,39,29,12,134.48,41.37,2.41,5.80,66.66,2.29,17,11,1,0,2,3,2,3,13.00,0,0,0,18*,19.50,5,0,1903
Deepak Chahar,91,12,0000-00-00,true,Indian,203,2019-100mb00000000091-8640595343ec11,17,MI,Mumbai Indians,203,17,2019-100mb00000000091-8640595343ec11,4,1,37,25,9,148.00,36.00,2.77,5.00,64.86,2.31,16,9,2,0,3,2,1,3,12.33,0,0,0,28*,37.00,2,0,140
Ramandeep Singh,991,10,0000-00-00,true,Indian,203,2022-100mb00000000991-d9fbad51a44b11,16,KKR,Kolkata Knight Riders,203,16,2022-100mb00000000991-d9fbad51a44b11,6,3,34,30,10,113.33,33.33,3.00,10.00,47.05,1.70,20,16,1,0,1,2,4,2,17.00,0,0,0,22,8.50,5,0,20595
Urvil Patel,1486,1,0000-00-00,true,Indian,203,2022-100mb00000001486-1a1e0ee4543611,13,CSK,Chennai Super Kings,203,13,2022-100mb00000001486-1a1e0ee4543611,1,1,31,11,3,281.81,27.27,3.66,2.20,90.32,3.87,8,3,0,0,1,4,1,0,NA,0,0,0,31,31.00,0,0,5653
Deepak Hooda,215,6,0000-00-00,true,Indian,203,2019-100mb00000000215-f86e728844bc11,13,CSK,Chennai Super Kings,203,13,2019-100mb00000000215-f86e728844bc11,5,5,31,41,24,75.60,58.53,1.70,13.66,45.16,1.82,17,11,3,0,2,1,5,0,NA,0,0,0,22,6.20,3,0,1556
Rashid Khan,218,11,0000-00-00,true,Overseas,203,2019-100mb00000000218-42d9d6f544bf11,35,GT,Gujarat Titans,203,35,2019-100mb00000000218-42d9d6f544bf11,5,3,24,14,7,171.42,50.00,2.00,4.66,66.66,3.42,7,0,4,0,1,2,4,1,24.00,0,0,0,12,6.00,4,0,2885
Sameer Rizvi,1229,2,0000-00-00,true,Indian,203,2022-100mb00000001229-0174f02b040d11,14,DC,Delhi Capitals,203,14,2022-100mb00000001229-0174f02b040d11,2,3,24,19,7,126.31,36.84,2.71,6.33,58.33,2.00,12,8,1,0,2,1,2,0,NA,0,0,0,20,12.00,0,0,20689
Harshit Rana,1013,12,0000-00-00,true,Indian,203,2022-100mb00000001013-30676520bcc011,16,KKR,Kolkata Knight Riders,203,16,2022-100mb00000001013-30676520bcc011,6,2,23,32,21,71.87,65.62,1.52,10.66,52.17,2.09,11,6,1,1,3,0,3,3,7.66,0,0,0,10*,7.67,6,0,20626
Avesh Khan,109,10,0000-00-00,true,Indian,203,2019-100mb00000000109-5cc123ab449411,77,LSG,Lucknow Super Giants,203,77,2019-100mb00000000109-5cc123ab449411,4,3,21,12,6,175.00,50.00,2.00,3.00,85.71,3.50,6,1,1,0,3,1,1,3,7.00,0,0,0,19*,21.00,2,0,1561
Harshal Patel,114,10,0000-00-00,true,Indian,203,2019-100mb00000000114-8c98068c449611,20,SRH,Sunrisers Hyderabad,203,20,2019-100mb00000000114-8c98068c449611,4,1,21,26,7,80.76,26.92,3.71,0.00,0.00,1.10,19,17,2,0,0,0,2,2,10.50,0,0,0,12*,10.50,2,0,157
Ravichandran Ashwin,45,8,0000-00-00,true,Indian,203,2018-100mb00000000045-f658f1b6f88a11,13,CSK,Chennai Super Kings,203,13,2018-100mb00000000045-f658f1b6f88a11,3,1,20,22,10,90.90,45.45,2.20,11.00,40.00,1.66,12,8,2,0,2,0,3,0,NA,0,0,0,11,6.67,3,0,8
Azmatullah Omarzai,1354,4,0000-00-00,true,Overseas,203,2022-100mb00000001354-5a766b041e0411,15,PBKS,Punjab Kings,203,15,2022-100mb00000001354-5a766b041e0411,1,0,16,15,10,106.66,66.66,1.50,5.00,87.50,3.20,5,2,0,0,2,1,1,0,NA,0,0,0,16,16.00,0,0,20685
Jamie Overton,1216,3,0000-00-00,true,Overseas,203,2022-100mb00000001216-7c5947a7f6b111,13,CSK,Chennai Super Kings,203,13,2022-100mb00000001216-7c5947a7f6b111,2,1,15,7,2,214.28,28.57,3.50,3.50,66.66,3.00,5,1,2,0,1,1,0,2,7.50,0,0,0,11*,-,0,0,22109
Shardul Thakur,105,9,0000-00-00,true,Indian,203,2019-100mb00000000105-4c526de743fe11,77,LSG,Lucknow Super Giants,203,77,2019-100mb00000000105-4c526de743fe11,4,2,14,11,5,127.27,45.45,2.20,5.50,57.14,2.33,6,2,2,0,2,0,2,2,7.00,0,0,0,6,7.00,3,0,1745
Ravi Bishnoi,520,10,0000-00-00,true,Indian,203,2020-100mb00000000520-c2b1e0df638711,77,LSG,Lucknow Super Giants,203,77,2020-100mb00000000520-c2b1e0df638711,2,0,13,16,13,81.25,81.25,1.23,8.00,92.30,4.33,3,1,0,0,0,2,2,0,NA,0,0,0,13,6.50,3,0,19351
Gerald Coetzee,2535,2,0000-00-00,true,Overseas,203,2023-100mb00000002535-239c770f61da11,35,GT,Gujarat Titans,203,35,2023-100mb00000002535-239c770f61da11,1,1,12,6,2,200.00,33.33,3.00,3.00,83.33,3.00,4,2,0,0,1,1,1,0,NA,0,0,0,12,12.00,0,0,20686
Kuldeep Yadav,14,11,0000-00-00,false,Indian,203,2018-100mb00000000014-227bc550e99c11,14,DC,Delhi Capitals,203,14,2018-100mb00000000014-227bc550e99c11,4,0,11,8,3,137.50,37.50,2.66,4.00,72.72,2.20,5,3,0,0,2,0,2,2,5.50,0,0,0,5,5.50,0,0,261
Xavier Bartlett,3572,3,0000-00-00,true,Overseas,203,2024-100mb00000003572-5731c9b6abdd11,15,PBKS,Punjab Kings,203,15,2024-100mb00000003572-5731c9b6abdd11,1,0,11,15,7,73.33,46.66,2.14,15.00,36.36,1.37,8,7,0,0,1,0,1,0,NA,0,0,0,11,11.00,3,0,22112
Mohammad Shami,47,9,0000-00-00,true,Indian,203,2018-100mb00000000047-1bfc8ff2f88b11,20,SRH,Sunrisers Hyderabad,203,20,2018-100mb00000000047-1bfc8ff2f88b11,4,1,10,10,4,100.00,40.00,2.50,10.00,40.00,1.66,6,4,1,0,1,0,1,3,3.33,0,0,0,6*,10.00,2,0,94
Bhuvneshwar Kumar,15,10,0000-00-00,true,Indian,203,2018-100mb00000000015-3501d442e99c11,19,RCB,Royal Challengers Bengaluru,203,19,2018-100mb00000000015-3501d442e99c11,4,1,10,21,14,47.61,66.66,1.50,21.00,40.00,1.42,7,6,0,0,1,0,1,3,3.33,0,0,0,8,10.00,2,0,116
Maheesh Theekshana,629,11,0000-00-00,true,Overseas,203,2021-100mb00000000629-11c540100bd311,18,RR,Rajasthan Royals,203,18,2021-100mb00000000629-11c540100bd311,4,4,10,27,17,37.03,62.96,1.58,0.00,0.00,1.00,10,10,0,0,0,0,2,2,5.00,0,0,0,5,5.00,0,0,20570
Shahbaz Ahmed,523,1,0000-00-00,false,Indian,203,2020-100mb00000000523-53bc4c09638b11,77,LSG,Lucknow Super Giants,203,77,2020-100mb00000000523-53bc4c09638b11,1,0,9,8,2,112.50,25.00,4.00,8.00,44.44,1.50,6,5,0,0,1,0,1,0,NA,0,0,0,9,9.00,0,0,13803
Anshul Kamboj,3106,6,0000-00-00,true,Indian,203,2024-100mb00000003106-047b3989df9b11,13,CSK,Chennai Super Kings,203,13,2024-100mb00000003106-047b3989df9b11,4,1,9,9,5,100.00,55.55,1.80,9.00,44.44,2.25,4,1,2,0,1,0,2,2,4.50,0,0,0,4*,4.50,0,0,20702
Wiaan Mulder,630,1,0000-00-00,true,Overseas,203,2021-100mb00000000630-4155e6ff0bd311,20,SRH,Sunrisers Hyderabad,203,20,2021-100mb00000000630-4155e6ff0bd311,1,1,9,11,5,81.81,45.45,2.20,11.00,44.44,1.50,6,5,0,0,1,0,1,0,NA,0,0,0,9,9.00,1,0,22376
Wanindu Hasaranga,377,9,0000-00-00,true,Overseas,203,2020-100mb00000000377-c8cec37e2dec11,18,RR,Rajasthan Royals,203,18,2020-100mb00000000377-c8cec37e2dec11,4,0,9,14,7,64.28,50.00,2.00,0.00,0.00,1.28,7,5,2,0,0,0,4,0,NA,0,0,0,4,2.25,2,0,3082
Kagiso Rabada,116,2,0000-00-00,false,Overseas,203,2019-100mb00000000116-dbd48930449611,35,GT,Gujarat Titans,203,35,2019-100mb00000000116-dbd48930449611,1,2,7,5,3,140.00,60.00,1.66,5.00,85.71,3.50,2,1,0,0,0,1,0,1,7.00,0,0,0,7*,-,0,0,1664
Tushar Deshpande,539,8,0000-00-00,false,Indian,203,2020-100mb00000000539-04833b65639b11,18,RR,Rajasthan Royals,203,18,2020-100mb00000000539-04833b65639b11,4,4,7,8,3,87.50,37.50,2.66,0.00,0.00,1.40,5,3,2,0,0,0,1,3,2.33,0,0,0,3,7.00,1,0,3257
Suryansh Shedge,2146,5,0000-00-00,true,Indian,203,2023-100mb00000002146-0271ce42f60911,15,PBKS,Punjab Kings,203,15,2023-100mb00000002146-0271ce42f60911,3,2,7,11,5,63.63,45.45,2.20,0.00,0.00,1.16,6,5,1,0,0,0,3,0,NA,0,0,0,4,2.33,1,0,20683
Sandeep Sharma,220,10,0000-00-00,true,Indian,203,2019-100mb00000000220-18a6ceb644c011,18,RR,Rajasthan Royals,203,18,2019-100mb00000000220-18a6ceb644c011,1,1,6,5,0,120.00,0.00,0.00,0.00,0.00,1.20,5,4,1,0,0,0,0,1,6.00,0,0,0,6*,-,0,0,1112
Mitchell Starc,31,11,0000-00-00,false,Overseas,203,2018-100mb00000000031-b334eaf6f08611,14,DC,Delhi Capitals,203,14,2018-100mb00000000031-b334eaf6f08611,6,1,6,10,4,60.00,40.00,2.50,0.00,0.00,1.00,6,6,0,0,0,0,2,4,1.50,0,0,0,2*,3.00,7,0,490
Robin Minz,3103,2,0000-00-00,false,Indian,203,2024-100mb00000003103-5b0f0617df9711,17,MI,Mumbai Indians,203,17,2024-100mb00000003103-5b0f0617df9711,2,1,6,15,10,40.00,66.66,1.50,0.00,0.00,1.20,5,4,1,0,0,0,2,0,NA,0,0,0,3,3.00,0,0,20707
Rovman Powell,329,2,0000-00-00,true,Overseas,203,2019-100mb00000000329-bee19eaeb1e711,16,KKR,Kolkata Knight Riders,203,16,2019-100mb00000000329-bee19eaeb1e711,1,2,5,5,3,100.00,60.00,1.66,5.00,80.00,2.50,2,1,0,0,1,0,1,0,NA,0,0,0,5,5.00,1,0,3333
Prince Yadav,1225,6,0000-00-00,true,Indian,203,2022-100mb00000001225-8dbd714d040c11,77,LSG,Lucknow Super Giants,203,77,2022-100mb00000001225-8dbd714d040c11,2,1,5,10,5,50.00,50.00,2.00,0.00,0.00,1.00,5,5,0,0,0,0,0,2,2.50,0,0,0,4*,-,2,0,22097
Moeen Ali,206,6,0000-00-00,false,Overseas,203,2019-100mb00000000206-501d92f644bb11,16,KKR,Kolkata Knight Riders,203,16,2019-100mb00000000206-501d92f644bb11,2,2,5,14,9,35.71,64.28,1.55,0.00,0.00,1.00,5,5,0,0,0,0,2,0,NA,0,0,0,5,2.50,2,0,1735
Noor Ahmad,975,12,0000-00-00,true,Overseas,203,2022-100mb00000000975-56f6385ba44611,13,CSK,Chennai Super Kings,203,13,2022-100mb00000000975-56f6385ba44611,5,0,5,16,12,31.25,75.00,1.33,0.00,0.00,1.25,4,3,1,0,0,0,4,1,5.00,0,0,0,2,1.25,2,0,20590
Lockie Ferguson,69,4,0000-00-00,true,Overseas,203,2019-100mb00000000069-7aeb5c411e3711,15,PBKS,Punjab Kings,203,15,2019-100mb00000000069-7aeb5c411e3711,1,0,4,1,0,400.00,0.00,0.00,1.00,100.00,4.00,1,0,0,0,1,0,0,1,4.00,0,0,0,4*,-,0,0,3729
Akash Madhwal,1045,2,0000-00-00,true,Indian,203,2022-100mb00000001045-ff63138dd51a11,18,RR,Rajasthan Royals,203,18,2022-100mb00000001045-ff63138dd51a11,1,0,4,9,5,44.44,55.55,1.80,0.00,0.00,1.00,4,4,0,0,0,0,0,1,4.00,0,0,0,4*,-,0,0,20681
Kumar Kartikeya Singh,1015,4,0000-00-00,true,Indian,203,2022-100mb00000001015-396b0615c6d411,18,RR,Rajasthan Royals,203,18,2022-100mb00000001015-396b0615c6d411,2,2,3,5,3,60.00,60.00,1.66,0.00,0.00,1.50,2,1,1,0,0,0,2,0,NA,0,0,0,2,1.50,0,0,20629
Simarjeet Singh,622,4,0000-00-00,true,Indian,203,2021-100mb00000000622-e0d6c0e8ef8711,20,SRH,Sunrisers Hyderabad,203,20,2021-100mb00000000622-e0d6c0e8ef8711,3,0,3,7,4,42.85,57.14,1.75,0.00,0.00,1.00,3,3,0,0,0,0,2,1,3.00,0,0,0,3*,1.50,0,0,10789
Fazalhaq Farooqi,1011,4,0000-00-00,true,Overseas,203,2022-100mb00000001011-d957ea18a45111,18,RR,Rajasthan Royals,203,18,2022-100mb00000001011-d957ea18a45111,1,0,2,2,0,100.00,0.00,0.00,0.00,0.00,1.00,2,2,0,0,0,0,0,1,2.00,0,0,0,2*,-,0,0,20610
Mohd Arshad Khan,988,6,0000-00-00,false,Indian,203,2022-100mb00000000988-ad5c752aa44a11,35,GT,Gujarat Titans,203,35,2022-100mb00000000988-ad5c752aa44a11,3,0,2,2,0,100.00,0.00,0.00,0.00,0.00,1.00,2,2,0,0,0,0,0,3,0.66,0,0,0,1*,-,4,0,20599
Trent Boult,66,12,0000-00-00,true,Overseas,203,2019-100mb00000000066-573f78a31e3711,17,MI,Mumbai Indians,203,17,2019-100mb00000000066-573f78a31e3711,2,1,2,3,1,66.66,33.33,3.00,0.00,0.00,1.00,2,2,0,0,0,0,1,1,2.00,0,0,0,1*,2.00,1,0,969
Dushmantha Chameera,608,4,0000-00-00,true,Overseas,203,2021-100mb00000000608-14fdf8c4e64711,14,DC,Delhi Capitals,203,14,2021-100mb00000000608-14fdf8c4e64711,2,1,2,4,2,50.00,50.00,2.00,0.00,0.00,1.00,2,2,0,0,0,0,0,2,1.00,0,0,0,2*,-,1,0,817
Spencer Johnson,2518,4,0000-00-00,false,Overseas,203,2023-100mb00000002518-9a5f0c5357b311,16,KKR,Kolkata Knight Riders,203,16,2023-100mb00000002518-9a5f0c5357b311,2,0,2,4,2,50.00,50.00,2.00,0.00,0.00,1.00,2,2,0,0,0,0,0,2,1.00,0,0,0,1*,-,1,0,20699
Arshdeep Singh,125,11,0000-00-00,false,Indian,203,2019-100mb00000000125-2485f88b449911,15,PBKS,Punjab Kings,203,15,2019-100mb00000000125-2485f88b449911,2,0,2,6,4,33.33,66.66,1.50,0.00,0.00,1.00,2,2,0,0,0,0,1,1,2.00,0,0,0,1*,2.00,1,0,4698
Varun Chakaravarthy,140,12,0000-00-00,true,Indian,203,2019-100mb00000000140-a41b85f2449d11,16,KKR,Kolkata Knight Riders,203,16,2019-100mb00000000140-a41b85f2449d11,1,0,1,1,0,100.00,0.00,0.00,0.00,0.00,1.00,1,1,0,0,0,0,0,1,1.00,0,0,0,1*,-,2,0,5432
V Satyanarayana Penmetsa,3568,2,0000-00-00,true,Indian,203,2024-100mb00000003568-0e9ff925abdc11,17,MI,Mumbai Indians,203,17,2024-100mb00000003568-0e9ff925abdc11,1,0,1,1,0,100.00,0.00,0.00,0.00,0.00,1.00,1,1,0,0,0,0,0,1,1.00,0,0,0,1*,-,1,0,22161
Karn Sharma,98,5,0000-00-00,false,Indian,203,2019-100mb00000000098-7a8c366b43f611,17,MI,Mumbai Indians,203,17,2019-100mb00000000098-7a8c366b43f611,1,0,1,1,0,100.00,0.00,0.00,0.00,0.00,1.00,1,1,0,0,0,0,0,1,1.00,0,0,0,1*,-,1,0,1118
Sai Kishore,544,11,0000-00-00,false,Indian,203,2020-100mb00000000544-980117aa639c11,35,GT,Gujarat Titans,203,35,2020-100mb00000000544-980117aa639c11,1,0,1,1,0,100.00,0.00,0.00,0.00,0.00,1.00,1,1,0,0,0,0,1,0,NA,0,0,0,1,1.00,3,0,7123
Khaleel Ahmed,8,12,0000-00-00,true,Indian,203,2018-100mb00000000008-787fc4ece99b11,13,CSK,Chennai Super Kings,203,13,2018-100mb00000000008-787fc4ece99b11,2,0,1,2,1,50.00,50.00,2.00,0.00,0.00,1.00,1,1,0,0,0,0,0,2,0.50,0,0,0,1*,-,1,0,2964
Mohit Sharma,100,7,0000-00-00,true,Indian,203,2019-100mb00000000100-f196053e43f611,14,DC,Delhi Capitals,203,14,2019-100mb00000000100-f196053e43f611,2,0,1,3,2,33.33,66.66,1.50,0.00,0.00,1.00,1,1,0,0,0,0,1,1,1.00,0,0,0,1*,1.00,0,0,1107
Donovan Ferreira,2033,1,0000-00-00,true,Overseas,203,2023-100mb00000002033-4a1cf416d08711,14,DC,Delhi Capitals,203,14,2023-100mb00000002033-4a1cf416d08711,1,1,1,3,2,33.33,66.66,1.50,0.00,0.00,1.00,1,1,0,0,0,0,1,0,NA,0,0,0,1,1.00,0,0,5652
Digvesh Singh,3565,11,0000-00-00,true,Indian,203,2024-100mb00000003565-6cf0c233abda11,77,LSG,Lucknow Super Giants,203,77,2024-100mb00000003565-6cf0c233abda11,2,1,1,3,2,33.33,66.66,1.50,0.00,0.00,1.00,1,1,0,0,0,0,1,1,1.00,0,0,0,1,1.00,1,0,5847
Manoj Bhandage,1485,1,0000-00-00,false,Indian,203,2022-100mb00000001485-84839f37543411,19,RCB,Royal Challengers Bengaluru,203,19,2022-100mb00000001485-84839f37543411,1,0,1,4,3,25.00,75.00,1.33,0.00,0.00,1.00,1,1,0,0,0,0,1,0,NA,0,0,0,1,1.00,1,0,5645
